{
  "tabPane": [],
  "windowGeometry": {
    "x": -7.333333492279053,
    "y": -7.333333492279053,
    "width": 2014.6666259765625,
    "height": 1300.0
  }
}